Mean,Term1,Term2
100.0,pharyngectomy,pharyngectomy
100.0,glossectomy,glossectomy
100.0,appendectomy,appendectomy
100.0,duodenectomy,duodenectomy
100.0,thymectomy,thymectomy
100.0,gastrectomy,gastrectomy
100.0,hypophysectomy,hypophysectomy
100.0,hepatectomy,hepatectomy
100.0,splenectomy,splenectomy
100.0,orchiectomy,orchiectomy
100.0,esophagectomy,esophagectomy
100.0,penectomy,penectomy
100.0,pneumonectomy,pneumonectomy
100.0,cholecystectomy,cholecystectomy
100.0,mastectomy,mastectomy
100.0,pancreatectomy,pancreatectomy
100.0,thyroidectomy,thyroidectomy
100.0,colectomy,colectomy
100.0,mastoidectomy,mastoidectomy
100.0,hysterectomy,hysterectomy
100.0,nephrectomy,nephrectomy
100.0,maxillectomy,maxillectomy
100.0,cystectomy,cystectomy
100.0,prostatectomy,prostatectomy
100.0,adenoidectomy,adenoidectomy
100.0,laryngectomy,laryngectomy
100.0,pericardiectomy,pericardiectomy
100.0,oophorectomy,oophorectomy
100.0,mandibulectomy,mandibulectomy
100.0,tonsillectomy,tonsillectomy
100.0,fibrillation,fibrillation
100.0,cirrhosis,cirrhosis
100.0,dyspnea,dyspnea
100.0,vasculitis,vasculitis
100.0,tylenol,tylenol
100.0,clubbing,clubbing
100.0,ultram,ultram
100.0,drooling,drooling
100.0,psoriasis,psoriasis
100.0,carboplatin,carboplatin
100.0,cyanosis,cyanosis
100.0,zocor,zocor
100.0,lisinopril,lisinopril
100.0,aspirin,aspirin
100.0,cefoxitin,cefoxitin
100.0,nitroglycerine,nitroglycerine
100.0,motrin,motrin
100.0,tylenol,tylenol
100.0,diabetes,diabetes
100.0,adenosine,adenosine
100.0,constipation,constipation
100.0,fibrillation,fibrillation
100.0,bleomycin,bleomycin
100.0,meningism,meningism
100.0,spasm,spasm
100.0,insulin,insulin
100.0,welts,welts
100.0,halitosis,halitosis
100.0,hematemesis,hematemesis
100.0,hepatitis,hepatitis
100.0,carboplatin,carboplatin
100.0,zoonosis,zoonosis
100.0,hunger,hunger
100.0,epilepsy,epilepsy
100.0,polyuria,polyuria
100.0,halitosis,halitosis
100.0,cataract,cataract
100.0,prednisolone,prednisolone
100.0,bacitracin,bacitracin
100.0,syncope,syncope
100.0,earache,earache
100.0,meningitis,meningitis
100.0,polydipsia,polydipsia
100.0,ataxia,ataxia
100.0,chyluria,chyluria
100.0,rheumatism,rheumatism
100.0,antabuse,antabuse
100.0,hyperacusis,hyperacusis
100.0,tylenol,tylenol
100.0,allopurinol,allopurinol
100.0,incontinence,incontinence
100.0,angina,angina
100.0,weakness,weakness
100.0,avitaminosis,avitaminosis
100.0,ethanol,ethanol
100.0,tiredness,tiredness
100.0,opisthotonus,opisthotonus
100.0,syncope,syncope
100.0,goiter,goiter
100.0,insulin,insulin
100.0,mycosis,mycosis
100.0,osteoporosis,osteoporosis
100.0,catch,catch
100.0,toothache,toothache
100.0,starvation,starvation
100.0,mittelschmerz,mittelschmerz
100.0,osteoporosis,osteoporosis
100.0,insulin,insulin
100.0,aphonia,aphonia
100.0,vaccinia,vaccinia
100.0,cirrhosis,cirrhosis
100.0,chyluria,chyluria
100.0,aspirin,aspirin
100.0,ketonuria,ketonuria
100.0,bacitracin,bacitracin
100.0,clubbing,clubbing
100.0,hepatosplenomegaly,hepatosplenomegaly
100.0,syncope,syncope
100.0,dyspnea,dyspnea
100.0,iron,iron
100.0,anovulation,anovulation
100.0,proteinuria,proteinuria
100.0,agitation,agitation
100.0,carboplatin,carboplatin
100.0,meningism,meningism
100.0,influenzae,influenzae
100.0,methotrexate,methotrexate
100.0,insulin,insulin
100.0,babesiosis,babesiosis
100.0,vertigo,vertigo
100.0,anorexia,anorexia
100.0,blanching,blanching
100.0,bedwetting,bedwetting
100.0,toprol,toprol
100.0,trembling,trembling
100.0,toothache,toothache
100.0,spasm,spasm
100.0,atenolol,atenolol
100.0,anosmia,anosmia
100.0,arthralgia,arthralgia
100.0,mannerism,mannerism
100.0,ethanol,ethanol
100.0,heartburn,heartburn
100.0,insulin,insulin
100.0,iron,iron
100.0,lovastatin,lovastatin
100.0,flushing,flushing
100.0,histoplasmosis,histoplasmosis
100.0,mittelschmerz,mittelschmerz
100.0,hyperglycemia,hyperglycemia
100.0,bacitracin,bacitracin
100.0,metatarsalgia,metatarsalgia
100.0,cholestyramine,cholestyramine
100.0,thrombus,thrombus
100.0,scleroderma,scleroderma
100.0,tylenol,tylenol
100.0,hypersomnolence,hypersomnolence
100.0,wheezing,wheezing
100.0,arthritis,arthritis
100.0,colchicine,colchicine
100.0,atenolol,atenolol
100.0,comatose,comatose
100.0,epilepsy,epilepsy
100.0,dyspnea,dyspnea
100.0,heparin,heparin
100.0,cisplatin,cisplatin
100.0,dilantin,dilantin
100.0,pneumoniae,pneumoniae
100.0,mittelschmerz,mittelschmerz
100.0,dilantin,dilantin
100.0,anosmia,anosmia
100.0,hematemesis,hematemesis
100.0,ischemia,ischemia
100.0,colchicine,colchicine
100.0,hemoptysis,hemoptysis
100.0,malaria,malaria
100.0,toothache,toothache
100.0,histoplasmosis,histoplasmosis
100.0,agitation,agitation
100.0,pyorrhea,pyorrhea
100.0,weakness,weakness
100.0,heartburn,heartburn
100.0,starvation,starvation
100.0,anemia,anemia
100.0,rales,rales
100.0,protamine,protamine
100.0,phenobarbital,phenobarbital
100.0,propofol,propofol
100.0,ethanol,ethanol
100.0,myopathy,myopathy
100.0,earache,earache
100.0,hyperglycemia,hyperglycemia
100.0,arthralgia,arthralgia
100.0,protamine,protamine
100.0,carboplatin,carboplatin
100.0,dyspnea,dyspnea
100.0,constipation,constipation
100.0,probenecid,probenecid
100.0,iron,iron
100.0,rales,rales
100.0,hyperthyroidism,hyperthyroidism
100.0,tylenol,tylenol
100.0,plague,plague
100.0,paresis,paresis
100.0,malnutrition,malnutrition
100.0,meningism,meningism
100.0,anoxia,anoxia
100.0,insulin,insulin
100.0,cyanosis,cyanosis
100.0,hemochromatosis,hemochromatosis
100.0,calamine,calamine
100.0,insulin,insulin
100.0,nausea,nausea
100.0,ataxia,ataxia
100.0,weakness,weakness
100.0,prednisolone,prednisolone
100.0,albumin,albumin
100.0,tremor,tremor
100.0,pyorrhea,pyorrhea
100.0,infertility,infertility
100.0,cardiomyopathies,cardiomyopathies
100.0,headache,headache
100.0,hunger,hunger
100.0,seizures,seizures
100.0,cholestyramine,cholestyramine
100.0,activase,activase
100.0,nitroglycerine,nitroglycerine
100.0,cefaclor,cefaclor
100.0,adenosine,adenosine
100.0,hematemesis,hematemesis
100.0,cefazolin,cefazolin
100.0,cisplatin,cisplatin
100.0,dysentery,dysentery
100.0,hematemesis,hematemesis
100.0,hemoglobinopathy,hemoglobinopathy
100.0,iron,iron
100.0,tylenol,tylenol
100.0,dementia,dementia
100.0,meningism,meningism
100.0,meningism,meningism
100.0,headache,headache
100.0,cyanosis,cyanosis
100.0,constipation,constipation
100.0,dermatitis,dermatitis
100.0,hunger,hunger
100.0,aphonia,aphonia
100.0,amiodarone,amiodarone
100.0,spasm,spasm
100.0,constipation,constipation
100.0,calamine,calamine
100.0,esmolol,esmolol
100.0,hemoptysis,hemoptysis
100.0,coumadin,coumadin
100.0,snoring,snoring
100.0,vomiting,vomiting
100.0,bacitracin,bacitracin
100.0,hypersomnolence,hypersomnolence
100.0,stridor,stridor
100.0,polyuria,polyuria
100.0,syphilis,syphilis
100.0,cromolyn,cromolyn
100.0,penicillin,penicillin
100.0,crowning,crowning
100.0,prednisolone,prednisolone
100.0,prednisolone,prednisolone
100.0,cefazolin,cefazolin
100.0,tremor,tremor
100.0,urolithiasis,urolithiasis
100.0,blepharospasm,blepharospasm
100.0,prednisolone,prednisolone
100.0,septicemia,septicemia
100.0,fibrillation,fibrillation
100.0,cardiomyopathy,cardiomyopathy
100.0,cholestyramine,cholestyramine
100.0,polyuria,polyuria
100.0,cipro,cipro
100.0,pneumonia,pneumonia
100.0,colchicine,colchicine
100.0,gonorrhea,gonorrhea
100.0,bleomycin,bleomycin
100.0,toprol,toprol
100.0,convulsion,convulsion
100.0,starvation,starvation
100.0,corkscrewing,corkscrewing
100.0,cefaclor,cefaclor
100.0,diabetes,diabetes
100.0,antabuse,antabuse
100.0,calan,calan
100.0,diabetes,diabetes
100.0,headache,headache
100.0,heparin,heparin
100.0,lethargy,lethargy
100.0,hyperesthesia,hyperesthesia
100.0,hepatomegaly,hepatomegaly
100.0,angina,angina
100.0,vomiting,vomiting
100.0,angina,angina
100.0,snoring,snoring
100.0,nausea,nausea
100.0,prednisolone,prednisolone
100.0,amantadine,amantadine
100.0,iron,iron
100.0,chyluria,chyluria
100.0,weakness,weakness
100.0,constipation,constipation
100.0,alcohol,alcohol
100.0,cataracts,cataracts
100.0,aspirin,aspirin
100.0,nausea,nausea
100.0,ethanol,ethanol
100.0,loperamide,loperamide
100.0,aphonia,aphonia
100.0,lidocaine,lidocaine
100.0,dementias,dementias
100.0,parasitemia,parasitemia
100.0,cholestasis,cholestasis
100.0,avelox,avelox
100.0,toprol,toprol
100.0,atherosclerosis,atherosclerosis
100.0,pain,pain
100.0,adenitis,adenitis
100.0,headache,headache
100.0,seizures,seizures
100.0,seizures,seizures
100.0,angina,angina
100.0,sleeplessness,sleeplessness
100.0,hemiballismus,hemiballismus
100.0,garlic,garlic
100.0,headache,headache
100.0,stridor,stridor
100.0,bleomycin,bleomycin
100.0,snoring,snoring
100.0,lipitor,lipitor
100.0,diabetes,diabetes
100.0,tuberculosis,tuberculosis
100.0,allergy,allergy
100.0,aspirin,aspirin
100.0,hyperacusis,hyperacusis
100.0,atenolol,atenolol
100.0,pain,pain
100.0,hemiplegia,hemiplegia
100.0,chills,chills
100.0,loperamide,loperamide
100.0,meningitis,meningitis
100.0,fatigue,fatigue
100.0,penicillin,penicillin
100.0,reticulocytosis,reticulocytosis
100.0,coumadin,coumadin
100.0,neuralgia,neuralgia
100.0,acne,acne
100.0,arthritis,arthritis
100.0,erythromycin,erythromycin
100.0,penicillin,penicillin
100.0,calan,calan
100.0,morphine,morphine
100.0,hyperlipidemia,hyperlipidemia
100.0,snoring,snoring
100.0,diarrhea,diarrhea
100.0,hepatomegaly,hepatomegaly
100.0,dysentery,dysentery
100.0,lasix,lasix
100.0,headache,headache
100.0,diabetes,diabetes
100.0,peritonitis,peritonitis
100.0,diarrhea,diarrhea
100.0,torticollis,torticollis
100.0,arthritis,arthritis
100.0,insulin,insulin
100.0,lisinopril,lisinopril
100.0,pancreatitis,pancreatitis
100.0,starvation,starvation
100.0,cortisone,cortisone
100.0,dyspnea,dyspnea
100.0,colchicine,colchicine
100.0,morphine,morphine
100.0,ethanol,ethanol
100.0,myopathy,myopathy
100.0,pain,pain
100.0,anoxia,anoxia
100.0,thromboembolism,thromboembolism
100.0,ataxia,ataxia
100.0,alcohol,alcohol
100.0,ataxia,ataxia
100.0,tylenol,tylenol
100.0,digoxin,digoxin
100.0,anemia,anemia
100.0,atenolol,atenolol
443.5,sciatica,sciatica
416.25,meningism,meningism
1294.5,hematemesis,hematemesis
753.75,altace,altace
1243.5,insulin,insulin
839.0,cyanosis,cyanosis
837.25,ultram,ultram
1303.75,parasitemia,parasitemia
1187.0,anemia,anemia
1208.5,aphonia,aphonia
669.0,mannerism,mannerism
804.0,grimaces,grimaces
1363.25,starvation,starvation
1230.25,myelosuppression,myelosuppression
1309.5,tiredness,tiredness
680.5,stridor,stridor
1350.25,rales,rales
444.75,ataxia,ataxia
417.25,tylenol,tylenol
664.0,penicillin,penicillin
1126.0,morphine,morphine
857.25,arthritis,arthritis
1157.0,dizziness,dizziness
1168.5,headache,headache
565.75,amyloidosis,amyloidosis
1462.75,morphine,morphine
361.0,epilepsy,epilepsy
829.5,bacitracin,bacitracin
958.5,pain,pain
499.25,wheezing,wheezing
1249.0,hunger,hunger
895.5,lasix,lasix
543.25,constipation,constipation
1436.0,zocor,zocor
673.75,iron,iron
509.25,heartburn,heartburn
1210.5,headache,headache
1248.0,angina,angina
846.75,aphonia,aphonia
1459.5,polydipsia,polydipsia
345.5,cataract,cataract
252.25,torticollis,torticollis
1285.0,seizures,seizures
1168.75,arthritis,arthritis
695.75,amiodarone,amiodarone
1287.25,angina,angina
470.0,meningism,meningism
582.25,psoriasis,psoriasis
416.0,influenzae,influenzae
1054.75,insulin,insulin
371.5,iron,iron
431.25,catch,catch
1135.25,phenobarbital,phenobarbital
1277.0,tylenol,tylenol
899.25,arthralgia,arthralgia
616.25,incontinence,incontinence
1308.25,motrin,motrin
474.25,bacitracin,bacitracin
959.5,valium,valium
1433.25,ketonuria,ketonuria
1199.25,iron,iron
1187.0,reticulocytosis,reticulocytosis
578.5,scleroderma,scleroderma
226.75,mannerism,mannerism
873.0,halitosis,halitosis
1386.75,epilepsy,epilepsy
1121.0,seizures,seizures
379.75,goiter,goiter
321.75,atherosclerosis,atherosclerosis
1423.75,tylenol,tylenol
974.5,nausea,nausea
597.5,amphetamine,amphetamine
1048.25,rales,rales
1414.75,cyanosis,cyanosis
1263.0,peritonitis,peritonitis
1126.75,insulin,insulin
1253.25,paraparesis,paraparesis
833.5,sluggishness,sluggishness
1002.75,meningism,meningism
845.5,bleomycin,bleomycin
1303.25,atherosclerosis,atherosclerosis
1078.75,cyanosis,cyanosis
785.0,seizures,seizures
1329.75,lovastatin,lovastatin
1226.75,syncope,syncope
438.75,blepharospasm,blepharospasm
1070.25,malnutrition,malnutrition
253.25,crowning,crowning
409.5,hyperacusis,hyperacusis
1299.25,dysentery,dysentery
494.75,activase,activase
1325.5,dyspnea,dyspnea
1182.25,toprol,toprol
1306.25,ethanol,ethanol
869.5,pallor,pallor
1439.75,snoring,snoring
593.25,bleomycin,bleomycin
1303.0,cisplatin,cisplatin
1059.0,anoxia,anoxia
603.75,calan,calan
1099.5,prednisolone,prednisolone
1006.0,mittelschmerz,mittelschmerz
1163.75,starvation,starvation
492.75,bacitracin,bacitracin
657.25,erythromycin,erythromycin
1470.5,hyperthyroidism,hyperthyroidism
618.5,heartburn,heartburn
1398.25,vertigo,vertigo
1387.25,ethanol,ethanol
917.0,spasm,spasm
787.5,psoriasis,psoriasis
519.25,dermatitis,dermatitis
528.0,tremor,tremor
1313.5,hyperglycemia,hyperglycemia
1350.0,hepatomegaly,hepatomegaly
1285.75,thrombus,thrombus
582.0,loperamide,loperamide
1399.5,anovulation,anovulation
330.25,cataracts,cataracts
268.0,ataxia,ataxia
699.75,loperamide,loperamide
477.5,ischemia,ischemia
1070.0,dyspnea,dyspnea
1475.5,vomiting,vomiting
662.5,calan,calan
1002.25,flushing,flushing
448.5,aphonia,aphonia
1378.75,tylenol,tylenol
1286.25,aloe,aloe
1023.5,diarrhea,diarrhea
1429.5,starvation,starvation
856.75,alcohol,alcohol
1214.0,zoonosis,zoonosis
1483.25,headache,headache
1036.5,bleomycin,bleomycin
1072.5,otitis,otitis
1266.25,septicemia,septicemia
221.0,welts,welts
772.25,prednisolone,prednisolone
1338.5,hemoptysis,hemoptysis
406.25,acne,acne
1364.0,dyspnea,dyspnea
778.25,hemoptysis,hemoptysis
1180.25,prednisolone,prednisolone
964.75,chyluria,chyluria
1040.0,hematemesis,hematemesis
1161.25,mycosis,mycosis
1109.0,tylenol,tylenol
615.75,codeine,codeine
489.5,hunger,hunger
756.0,trembling,trembling
788.25,cisplatin,cisplatin
1298.25,heartburn,heartburn
463.75,insulin,insulin
848.0,meningism,meningism
997.75,prednisolone,prednisolone
515.25,anosmia,anosmia
1011.0,heparin,heparin
343.5,ataxia,ataxia
812.25,meningitis,meningitis
525.75,cholestasis,cholestasis
747.75,hepatomegaly,hepatomegaly
276.5,ataxia,ataxia
718.25,avitaminosis,avitaminosis
1425.5,lipitor,lipitor
392.5,aloe,aloe
279.5,heartburn,heartburn
465.0,chills,chills
1115.0,morphine,morphine
884.75,nephritis,nephritis
1247.0,meningism,meningism
685.25,nausea,nausea
1261.5,cholestyramine,cholestyramine
679.5,ethanol,ethanol
1424.0,hypothyroidism,hypothyroidism
1044.25,hemiballismus,hemiballismus
1064.0,dysuria,dysuria
441.25,aphonia,aphonia
1252.25,snoring,snoring
917.5,clubbing,clubbing
1417.25,diabetes,diabetes
1307.75,probenecid,probenecid
1058.5,seizures,seizures
1244.0,antabuse,antabuse
257.0,esmolol,esmolol
670.0,chyluria,chyluria
856.25,pyorrhea,pyorrhea
1256.0,toprol,toprol
1152.0,diabetes,diabetes
641.75,paresthesia,paresthesia
1368.75,nausea,nausea
972.75,toprol,toprol
1325.75,meningitis,meningitis
829.5,echinacea,echinacea
640.25,penicillin,penicillin
1084.25,heparin,heparin
586.5,adenosine,adenosine
1270.25,babesiosis,babesiosis
987.5,albumin,albumin
664.5,nitroglycerine,nitroglycerine
1139.0,heartburn,heartburn
475.0,dextran,dextran
1122.25,cefoxitin,cefoxitin
656.25,hemiplegia,hemiplegia
473.5,pancreatitis,pancreatitis
487.0,hematemesis,hematemesis
241.5,tylenol,tylenol
1231.25,fatigue,fatigue
825.5,colchicine,colchicine
1225.75,syphilis,syphilis
527.25,hepatosplenomegaly,hepatosplenomegaly
438.75,convulsion,convulsion
1272.5,histoplasmosis,histoplasmosis
1254.0,metatarsalgia,metatarsalgia
1066.5,pneumonia,pneumonia
1427.75,gastroenteritis,gastroenteritis
865.75,clubbing,clubbing
544.5,tylenol,tylenol
753.0,adenitis,adenitis
776.0,cromolyn,cromolyn
1049.75,myopathy,myopathy
455.0,toothache,toothache
1135.0,plague,plague
635.5,polyuria,polyuria
815.5,cachexia,cachexia
1319.25,meningism,meningism
516.25,dilantin,dilantin
947.25,colchicine,colchicine
300.0,aspirin,aspirin
798.0,protamine,protamine
293.0,halitosis,halitosis
770.75,starvation,starvation
1471.75,diabetes,diabetes
1394.75,ketonuria,ketonuria
1110.75,avelox,avelox
215.5,aloe,aloe
664.0,hernia,hernia
1382.75,iron,iron
1134.75,carboplatin,carboplatin
1148.5,fibrillation,fibrillation
668.25,insulin,insulin
588.0,mittelschmerz,mittelschmerz
1301.25,angina,angina
1364.0,dementias,dementias
787.25,toothache,toothache
1111.25,methotrexate,methotrexate
444.0,snoring,snoring
1107.75,lethargy,lethargy
1380.25,heparin,heparin
439.5,mittelschmerz,mittelschmerz
1377.5,spasm,spasm
1514.5,alcohol,alcohol
688.0,lidocaine,lidocaine
663.75,drooling,drooling
879.75,cefazolin,cefazolin
239.0,earache,earache
773.0,meningitis,meningitis
1485.0,insulin,insulin
305.75,snoring,snoring
1277.0,malaria,malaria
1309.0,stridor,stridor
379.0,sleeplessness,sleeplessness
362.75,epilepsy,epilepsy
1085.5,insulin,insulin
827.75,leprosy,leprosy
794.75,syncope,syncope
1354.25,hyperlipidemia,hyperlipidemia
1352.0,aspirin,aspirin
722.0,pneumonia,pneumonia
601.75,prednisolone,prednisolone
1238.0,leukopenia,leukopenia
261.0,bedwetting,bedwetting
1061.0,proteinuria,proteinuria
1258.25,allergy,allergy
460.75,torticollis,torticollis
610.0,stridor,stridor
1370.5,hepatosplenomegaly,hepatosplenomegaly
1061.0,cipro,cipro
1191.5,atenolol,atenolol
806.0,hypersomnolence,hypersomnolence
1248.0,blanching,blanching
1273.0,histoplasmosis,histoplasmosis
1265.75,weakness,weakness
789.5,prednisolone,prednisolone
1033.75,comatose,comatose
1273.0,weakness,weakness
1340.0,rheumatism,rheumatism
1344.75,protamine,protamine
704.75,chyluria,chyluria
1363.5,hypersomnolence,hypersomnolence
658.5,calamine,calamine
1225.5,meningism,meningism
511.5,constipation,constipation
1269.75,hematemesis,hematemesis
296.25,antabuse,antabuse
1399.75,polyuria,polyuria
1068.25,sciatica,sciatica
1063.75,diabetes,diabetes
391.0,constipation,constipation
292.25,toothache,toothache
1291.5,weakness,weakness
1406.5,colchicine,colchicine
615.75,activase,activase
311.0,nitroglycerine,nitroglycerine
1389.75,weakness,weakness
326.25,cardiomyopathy,cardiomyopathy
1043.0,diabetes,diabetes
1310.0,penicillin,penicillin
1099.5,anoxia,anoxia
262.75,urolithiasis,urolithiasis
1255.25,myopathy,myopathy
560.0,eructation,eructation
1427.75,anorexia,anorexia
411.5,blepharospasm,blepharospasm
275.5,osteoporosis,osteoporosis
1218.0,hemoglobinopathy,hemoglobinopathy
553.5,diarrhea,diarrhea
926.5,coumadin,coumadin
1279.25,hyperglycemia,hyperglycemia
871.25,aspirin,aspirin
1224.75,weakness,weakness
1375.5,iron,iron
488.5,seizures,seizures
1432.5,gonorrhea,gonorrhea
409.75,adenosine,adenosine
345.0,bronchitis,bronchitis
650.75,snoring,snoring
987.75,coumadin,coumadin
488.5,ketamine,ketamine
1389.0,fatigue,fatigue
957.25,hunger,hunger
1354.0,pneumoniae,pneumoniae
1550.5,iron,iron
528.5,fibrillation,fibrillation
1064.25,toprol,toprol
1420.5,lisinopril,lisinopril
666.75,allopurinol,allopurinol
1028.75,syncope,syncope
1359.5,anemia,anemia
1357.75,angina,angina
931.25,hemoptysis,hemoptysis
1341.5,dyspnea,dyspnea
1439.5,diabetes,diabetes
570.25,dementia,dementia
593.5,hemoptysis,hemoptysis
1349.75,diabetes,diabetes
1456.75,vomiting,vomiting
678.5,tremor,tremor
333.0,flatulence,flatulence
1439.75,polyuria,polyuria
720.5,prednisolone,prednisolone
742.0,colchicine,colchicine
630.5,thrombus,thrombus
246.25,garlic,garlic
1409.75,dysentery,dysentery
1280.0,chloramphenicol,chloramphenicol
880.25,tylenol,tylenol
889.5,cefazolin,cefazolin
1142.25,colchicine,colchicine
892.5,iron,iron
492.75,stridor,stridor
936.75,coumadin,coumadin
1026.5,fibrillation,fibrillation
319.5,meningism,meningism
203.0,bacitracin,bacitracin
925.75,dysentery,dysentery
1174.75,lovastatin,lovastatin
391.0,cromolyn,cromolyn
270.75,diarrhea,diarrhea
737.0,weakness,weakness
930.75,dyspnea,dyspnea
255.25,cholestyramine,cholestyramine
261.25,bacitracin,bacitracin
766.75,insulin,insulin
1094.25,penicillin,penicillin
1029.5,lipitor,lipitor
1148.75,arthritis,arthritis
1188.0,allergy,allergy
817.25,atenolol,atenolol
898.5,pneumoniae,pneumoniae
252.0,anoxia,anoxia
358.0,snoring,snoring
193.0,calan,calan
1136.75,babesiosis,babesiosis
345.5,allopurinol,allopurinol
1078.75,cefazolin,cefazolin
710.75,comatose,comatose
619.5,tylenol,tylenol
642.25,dyspnea,dyspnea
1239.25,malaria,malaria
633.75,weakness,weakness
853.5,carboplatin,carboplatin
229.5,esmolol,esmolol
286.0,urolithiasis,urolithiasis
1120.25,avelox,avelox
337.75,antabuse,antabuse
901.75,iron,iron
593.25,agitation,agitation
237.75,dementia,dementia
227.0,bleomycin,bleomycin
632.0,headache,headache
255.5,ataxia,ataxia
528.75,albumin,albumin
239.0,iron,iron
1307.0,hemoglobinopathy,hemoglobinopathy
705.75,rales,rales
959.25,septicemia,septicemia
163.0,epilepsy,epilepsy
1153.25,rheumatism,rheumatism
754.75,insulin,insulin
879.5,tylenol,tylenol
503.25,nausea,nausea
142.5,hyperthyroidism,hyperthyroidism
743.0,antabuse,antabuse
833.75,dyspnea,dyspnea
537.0,atenolol,atenolol
169.5,atherosclerosis,atherosclerosis
505.25,pain,pain
794.5,colchicine,colchicine
351.75,insulin,insulin
617.75,atenolol,atenolol
1255.75,dysentery,dysentery
1225.25,starvation,starvation
1031.5,toprol,toprol
908.25,hematemesis,hematemesis
615.5,cipro,cipro
566.75,alcohol,alcohol
935.75,hunger,hunger
1135.5,polyuria,polyuria
940.75,phenobarbital,phenobarbital
582.75,ataxia,ataxia
551.0,pyorrhea,pyorrhea
1282.5,histoplasmosis,histoplasmosis
214.75,adenosine,adenosine
933.25,anemia,anemia
967.0,spasm,spasm
727.5,anemia,anemia
845.0,aphonia,aphonia
687.5,cyanosis,cyanosis
395.0,chills,chills
706.25,methotrexate,methotrexate
764.5,cardiomyopathies,cardiomyopathies
1055.25,hypersomnolence,hypersomnolence
384.75,sleeplessness,sleeplessness
897.75,syncope,syncope
1012.25,vomiting,vomiting
318.5,constipation,constipation
416.25,penicillin,penicillin
307.5,pancreatitis,pancreatitis
957.75,dermatitis,dermatitis
1066.0,polyuria,polyuria
536.75,hyperesthesia,hyperesthesia
962.5,dyspnea,dyspnea
666.25,stridor,stridor
365.75,incontinence,incontinence
996.75,morphine,morphine
869.5,syncope,syncope
840.25,ethanol,ethanol
189.5,chyluria,chyluria
639.5,atenolol,atenolol
749.5,insulin,insulin
858.25,arthritis,arthritis
904.75,weakness,weakness
955.0,blanching,blanching
748.0,seizures,seizures
598.0,infertility,infertility
1052.5,headache,headache
778.0,hematemesis,hematemesis
231.25,osteoporosis,osteoporosis
1034.0,syphilis,syphilis
1287.0,vertigo,vertigo
1052.25,cyanosis,cyanosis
343.0,erythromycin,erythromycin
396.5,seizures,seizures
293.0,digoxin,digoxin
256.0,calamine,calamine
869.25,tylenol,tylenol
477.25,constipation,constipation
328.5,heartburn,heartburn
274.5,catch,catch
332.75,insulin,insulin
975.5,meningitis,meningitis
668.0,anoxia,anoxia
377.5,heparin,heparin
384.0,penicillin,penicillin
508.75,cefaclor,cefaclor
194.0,garlic,garlic
1240.25,nausea,nausea
1019.75,pneumonia,pneumonia
977.0,starvation,starvation
558.25,mittelschmerz,mittelschmerz
340.5,carboplatin,carboplatin
290.0,prednisolone,prednisolone
1037.75,meningitis,meningitis
755.0,prednisolone,prednisolone
1395.0,iron,iron
309.25,constipation,constipation
223.0,tylenol,tylenol
228.0,torticollis,torticollis
1195.75,zoonosis,zoonosis
179.75,earache,earache
631.25,clubbing,clubbing
662.75,carboplatin,carboplatin
769.0,metatarsalgia,metatarsalgia
652.75,diabetes,diabetes
806.0,angina,angina
1173.0,cirrhosis,cirrhosis
891.5,insulin,insulin
1106.5,heartburn,heartburn
852.0,hemoptysis,hemoptysis
256.0,aspirin,aspirin
776.75,meningism,meningism
890.0,lethargy,lethargy
217.25,wheezing,wheezing
1176.75,anorexia,anorexia
321.25,bedwetting,bedwetting
391.0,insulin,insulin
816.25,adenitis,adenitis
997.25,plague,plague
214.25,mittelschmerz,mittelschmerz
450.0,thromboembolism,thromboembolism
841.25,headache,headache
748.75,headache,headache
431.75,aphonia,aphonia
890.0,bleomycin,bleomycin
807.5,pyorrhea,pyorrhea
281.75,ataxia,ataxia
882.5,agitation,agitation
510.25,cholestyramine,cholestyramine
222.25,meningism,meningism
406.75,aspirin,aspirin
993.25,ketonuria,ketonuria
1280.0,lisinopril,lisinopril
244.25,constipation,constipation
926.5,lisinopril,lisinopril
544.0,protamine,protamine
1019.75,aspirin,aspirin
348.0,halitosis,halitosis
835.25,ethanol,ethanol
1302.75,epilepsy,epilepsy
231.5,tremor,tremor
775.25,colchicine,colchicine
241.0,tylenol,tylenol
1155.25,insulin,insulin
334.5,chyluria,chyluria
861.5,angina,angina
858.0,proteinuria,proteinuria
324.75,vasculitis,vasculitis
430.0,lidocaine,lidocaine
856.0,prednisolone,prednisolone
265.25,cataracts,cataracts
765.25,carboplatin,carboplatin
981.25,histoplasmosis,histoplasmosis
1075.5,rales,rales
802.25,halitosis,halitosis
565.0,hepatitis,hepatitis
225.25,blepharospasm,blepharospasm
242.0,loperamide,loperamide
257.75,influenzae,influenzae
792.25,seizures,seizures
1151.25,mycosis,mycosis
477.75,propofol,propofol
543.0,drooling,drooling
785.25,toprol,toprol
208.25,hepatomegaly,hepatomegaly
663.5,ultram,ultram
691.0,protamine,protamine
934.75,peritonitis,peritonitis
883.25,prednisolone,prednisolone
1142.25,diabetes,diabetes
789.5,hemoptysis,hemoptysis
922.25,hyperglycemia,hyperglycemia
309.5,polyuria,polyuria
256.25,adenosine,adenosine
284.25,aphonia,aphonia
1192.75,anovulation,anovulation
404.25,anosmia,anosmia
327.5,welts,welts
893.25,ethanol,ethanol
721.5,vaccinia,vaccinia
775.25,diabetes,diabetes
864.5,meningism,meningism
316.0,tremor,tremor
1206.25,pain,pain
496.75,ataxia,ataxia
984.75,starvation,starvation
573.25,toothache,toothache
422.0,avitaminosis,avitaminosis
322.5,snoring,snoring
774.25,arthralgia,arthralgia
1265.5,alcohol,alcohol
1031.5,polydipsia,polydipsia
1234.75,hyperglycemia,hyperglycemia
224.5,toothache,toothache
338.0,hunger,hunger
919.0,amantadine,amantadine
1387.5,prednisolone,prednisolone
493.75,osteoporosis,osteoporosis
527.5,morphine,morphine
413.25,flushing,flushing
346.0,fibrillation,fibrillation
760.25,hyperacusis,hyperacusis
382.0,anosmia,anosmia
221.25,spasm,spasm
871.25,tuberculosis,tuberculosis
1273.5,cisplatin,cisplatin
792.25,colchicine,colchicine
1032.0,diabetes,diabetes
1040.25,hematemesis,hematemesis
644.0,motrin,motrin
706.25,ethanol,ethanol
427.0,hematemesis,hematemesis
412.0,psoriasis,psoriasis
1158.25,paresis,paresis
1103.0,myopathy,myopathy
475.25,cholestasis,cholestasis
936.0,angina,angina
1164.75,hepatosplenomegaly,hepatosplenomegaly
1039.25,vomiting,vomiting
298.75,nitroglycerine,nitroglycerine
201.0,chyluria,chyluria
607.5,bleomycin,bleomycin
1001.75,dilantin,dilantin
1221.25,headache,headache
306.5,arthritis,arthritis
1098.75,probenecid,probenecid
233.75,calan,calan
623.25,cyanosis,cyanosis
519.75,hunger,hunger
910.25,hepatomegaly,hepatomegaly
319.0,cisplatin,cisplatin
1132.25,gonorrhea,gonorrhea
394.0,scleroderma,scleroderma
860.0,snoring,snoring
1091.0,arthralgia,arthralgia
708.25,lasix,lasix
1134.5,starvation,starvation
956.0,hemochromatosis,hemochromatosis
665.75,opisthotonus,opisthotonus
342.0,cataract,cataract
511.5,iron,iron
764.0,snoring,snoring
648.25,bacitracin,bacitracin
145.5,mittelschmerz,mittelschmerz
623.75,coumadin,coumadin
666.25,corkscrewing,corkscrewing
152.75,mannerism,mannerism
240.75,thrombus,thrombus
621.25,nausea,nausea
851.25,prednisolone,prednisolone
434.5,dyspnea,dyspnea
167.75,constipation,constipation
763.5,neuralgia,neuralgia
219.5,nitroglycerine,nitroglycerine
160.75,malnutrition,malnutrition
161.0,diarrhea,diarrhea
1186.5,fatigue,fatigue
1109.5,weakness,weakness
807.5,earache,earache
531.75,activase,activase
618.5,cirrhosis,cirrhosis
561.5,headache,headache
468.5,dilantin,dilantin
242.75,loperamide,loperamide
190.75,calamine,calamine
1279.25,toprol,toprol
251.25,hyperacusis,hyperacusis
353.75,bacitracin,bacitracin
279.0,fibrillation,fibrillation
354.75,goiter,goiter
506.75,ischemia,ischemia
372.5,convulsion,convulsion
670.75,aspirin,aspirin
1104.0,spasm,spasm
1174.5,cefoxitin,cefoxitin
1019.5,myopathy,myopathy
657.5,hypersomnolence,hypersomnolence
567.0,meningism,meningism
295.25,cardiomyopathy,cardiomyopathy
367.75,crowning,crowning
728.5,syncope,syncope
948.75,tiredness,tiredness
555.25,trembling,trembling
567.75,toothache,toothache
1047.0,diabetes,diabetes
969.75,heparin,heparin
923.5,tylenol,tylenol
343.0,cefaclor,cefaclor
1187.5,parasitemia,parasitemia
889.5,cholestyramine,cholestyramine
355.25,pain,pain
680.25,ethanol,ethanol
634.0,hemiballismus,hemiballismus
256.25,acne,acne
682.0,cortisone,cortisone
1330.75,zocor,zocor
317.5,clubbing,clubbing
363.5,hemiplegia,hemiplegia
725.5,angina,angina
960.5,dementias,dementias
809.5,hyperlipidemia,hyperlipidemia
1058.75,amiodarone,amiodarone
897.0,reticulocytosis,reticulocytosis
